Category,Locality,Location,Phone Number/Website,Phone Number/Website,Latitude,Longitude
park,Block T Park,"G9C3+7RM, Block T Gulberg 2, Lahore, Punjab, Pakistan",Send to your phone,Claim this business,31.5207133,74.3545318
park,St John's Park Fortress,"G9J7+6H8, St John Park, Lahore, Punjab, Pakistan",Send to your phone,Claim this business,31.5305382,74.3639382
park,Shadman Park,"Shadman 1 Shadman, Lahore, Punjab 54000, Pakistan","G8PJ+75 Lahore, Pakistan",Send to your phone,31.5356432,74.3304149
park,Quaid Block park,"Unnamed Road, Block N Gulberg III, Lahore, Punjab, Pakistan","G9C5+4F Lahore, Pakistan",Send to your phone,31.5203696,74.3587473
park,Jilani (Race Course) Park,"Jail Rd، opposite Services Hospital, G.O.R. - I, Lahore, Punjab 54000, Pakistan",Open ⋅ Closes 10 PM,pha.gop.pk,31.5444814,74.3345479
park,Soldier Park,"G9JF+5XG, Soldier Park, Aziz Bhatti Rd, Lahore, Punjab, Pakistan",Send to your phone,Claim this business,31.5304424,74.3749547
park,Ayesha Park,"Shadman 1 Shadman, Lahore, Punjab 54000, Pakistan","G8MM+W4 Lahore, Pakistan",Send to your phone,31.5348068,74.332765
park,Khursheed park Shadman,"G8RH+95V, Shadman 1 Shadman, Lahore, Punjab 54000, Pakistan",Send to your phone,Claim this business,31.5409856,74.3279215
park,FCC Park,"G8GP+FWF, F.C.C., Lahore, Punjab, Pakistan",Send to your phone,Claim this business,31.5261875,74.3373125
park,Shah Jamal Park,"101 Shah Jamal Rd, Commercial Area Shah Jamal Shadman, Lahore, Punjab 54600, Pakistan","G8HJ+GF Lahore, Pakistan",Send to your phone,31.5288284,74.3312169
park,Green Park Fortress Lahore,"G9M7+G9R, Saddar Town, Lahore, Punjab, Pakistan",Send to your phone,Claim this business,31.5338586,74.3633833
park,Naveed Park,"Naveed park, 2, Lahore, Pakistan",+92 300 4371807,"G9C5+4F Lahore, Pakistan",31.5203696,74.3587473
